[
    {
        "method": "", 
        "param": {}, 
        "url": "https://app1.com/users/home.php"
    }, 
    {
        "method": "", 
        "param": {}, 
        "url": "https://app1.com/pictures/upload.php"
    }, 
    {
        "method": "", 
        "param": {}, 
        "url": "https://app1.com/pictures/recent.php"
    }, 
    {
        "method": "", 
        "param": {}, 
        "url": "https://app1.com/guestbook.php"
    }, 
    {
        "method": "", 
        "param": {}, 
        "url": "https://app1.com/cart/review.php"
    }, 
    {
        "method": "POST", 
        "param": {
            "pics[]": "7"
        }, 
        "url": "https://app1.com/cart/review.php"
    }, 
    {
        "method": "POST", 
        "param": {
            "couponcode": ""
        }, 
        "url": "https://app1.com/cart/review.php"
    }, 
    {
        "method": "", 
        "param": {}, 
        "url": "https://app1.com/cart/confirm.php"
    }, 
    {
        "method": "", 
        "param": {}, 
        "url": "https://app1.com/admin/index.php?page=login"
    }, 
    {
        "method": "", 
        "param": {}, 
        "url": "mailto:contact@wackopicko.com"
    }, 
    {
        "method": "", 
        "param": {}, 
        "url": "https://app1.com/tos.php"
    }, 
    {
        "method": "", 
        "param": {}, 
        "url": "http://app1.com/pictures/highquality.php?picid=9&key=highquality"
    }, 
    {
        "method": "POST", 
        "param": {
            "name": ""
        }, 
        "url": "https://app1.com/guestbook.php"
    }, 
    {
        "method": "", 
        "param": {}, 
        "url": "http://app1.com/pictures/highquality.php?picid=8&key=highquality"
    }, 
    {
        "method": "", 
        "param": {}, 
        "url": "http://app1.com/pictures/highquality.php?picid=14&key=highquality"
    }, 
    {
        "method": "", 
        "param": {}, 
        "url": "http://app1.com/pictures/highquality.php?picid=15&key=highquality"
    }, 
    {
        "method": "", 
        "param": {}, 
        "url": "http://app1.com/pictures/highquality.php?picid=13&key=highquality"
    }, 
    {
        "method": "", 
        "param": {}, 
        "url": "http://app1.com/pictures/highquality.php?picid=12&key=highquality"
    }, 
    {
        "method": "", 
        "param": {}, 
        "url": "http://app1.com/pictures/highquality.php?picid=11&key=highquality"
    }, 
    {
        "method": "", 
        "param": {}, 
        "url": "http://app1.com/pictures/highquality.php?picid=10&key=highquality"
    }, 
    {
        "method": "", 
        "param": {}, 
        "url": "http://app1.com/pictures/highquality.php?picid=7&key=highquality"
    }, 
    {
        "method": "POST", 
        "param": {
            "MAX_FILE_SIZE": "10485760", 
            "name": "", 
            "pic": "", 
            "price": "", 
            "tag": "", 
            "title": ""
        }, 
        "url": "https://app1.com/pictures/upload.php"
    }, 
    {
        "method": "", 
        "param": {}, 
        "url": "https://app1.com/pictures/view.php?picid=15"
    }, 
    {
        "method": "", 
        "param": {}, 
        "url": "https://app1.com/pictures/view.php?picid=14"
    }, 
    {
        "method": "", 
        "param": {}, 
        "url": "https://app1.com/pictures/view.php?picid=13"
    }, 
    {
        "method": "", 
        "param": {}, 
        "url": "https://app1.com/pictures/view.php?picid=12"
    }, 
    {
        "method": "", 
        "param": {}, 
        "url": "https://app1.com/pictures/view.php?picid=11"
    }, 
    {
        "method": "", 
        "param": {}, 
        "url": "https://app1.com/pictures/view.php?picid=10"
    }, 
    {
        "method": "", 
        "param": {}, 
        "url": "https://app1.com/pictures/view.php?picid=9"
    }, 
    {
        "method": "", 
        "param": {}, 
        "url": "https://app1.com/pictures/view.php?picid=8"
    }, 
    {
        "method": "", 
        "param": {}, 
        "url": "https://app1.com/pictures/view.php?picid=7"
    }, 
    {
        "method": "POST", 
        "param": {
            "picid": "7"
        }, 
        "url": "https://app1.com/pictures/view.php?picid=7"
    }, 
    {
        "method": "", 
        "param": {}, 
        "url": "https://app1.com/cart/action.php?action=add&picid=7"
    }, 
    {
        "method": "", 
        "param": {}, 
        "url": "https://app1.com/users/view.php?userid=1"
    }, 
    {
        "method": "POST", 
        "param": {
            "picid": "8"
        }, 
        "url": "https://app1.com/pictures/view.php?picid=8"
    }, 
    {
        "method": "", 
        "param": {}, 
        "url": "https://app1.com/cart/action.php?action=add&picid=8"
    }, 
    {
        "method": "POST", 
        "param": {
            "picid": "9"
        }, 
        "url": "https://app1.com/pictures/view.php?picid=9"
    }, 
    {
        "method": "", 
        "param": {}, 
        "url": "https://app1.com/cart/action.php?action=add&picid=9"
    }, 
    {
        "method": "", 
        "param": {}, 
        "url": "https://app1.com/users/view.php?userid=9"
    }, 
    {
        "method": "POST", 
        "param": {
            "picid": "10"
        }, 
        "url": "https://app1.com/pictures/view.php?picid=10"
    }, 
    {
        "method": "", 
        "param": {}, 
        "url": "https://app1.com/cart/action.php?action=add&picid=10"
    }, 
    {
        "method": "", 
        "param": {}, 
        "url": "https://app1.com/users/view.php?userid=2"
    }, 
    {
        "method": "", 
        "param": {}, 
        "url": "https://app1.com/users/view.php?userid=11"
    }, 
    {
        "method": "POST", 
        "param": {
            "picid": "11"
        }, 
        "url": "https://app1.com/pictures/view.php?picid=11"
    }, 
    {
        "method": "", 
        "param": {}, 
        "url": "https://app1.com/cart/action.php?action=add&picid=11"
    }, 
    {
        "method": "", 
        "param": {}, 
        "url": "https://app1.com/users/view.php?userid=10"
    }, 
    {
        "method": "POST", 
        "param": {
            "picid": "15"
        }, 
        "url": "https://app1.com/pictures/view.php?picid=15"
    }, 
    {
        "method": "", 
        "param": {}, 
        "url": "https://app1.com/cart/action.php?action=add&picid=15"
    }, 
    {
        "method": "POST", 
        "param": {
            "picid": "12"
        }, 
        "url": "https://app1.com/pictures/view.php?picid=12"
    }, 
    {
        "method": "", 
        "param": {}, 
        "url": "https://app1.com/cart/action.php?action=add&picid=12"
    }, 
    {
        "method": "POST", 
        "param": {
            "picid": "13"
        }, 
        "url": "https://app1.com/pictures/view.php?picid=13"
    }, 
    {
        "method": "", 
        "param": {}, 
        "url": "https://app1.com/cart/action.php?action=add&picid=13"
    }, 
    {
        "method": "POST", 
        "param": {
            "picid": "14"
        }, 
        "url": "https://app1.com/pictures/view.php?picid=14"
    }, 
    {
        "method": "", 
        "param": {}, 
        "url": "https://app1.com/cart/action.php?action=add&picid=14"
    }
]