[
    {
        "method": "POST", 
        "param": {
            "password": "", 
            "username": ""
        }, 
        "url": "https://app1.com/users/login.php"
    }, 
    {
        "method": "", 
        "param": {}, 
        "url": "https://app1.com/users/home.php"
    }, 
    {
        "method": "", 
        "param": {}, 
        "url": "https://app1.com/pictures/upload.php"
    }, 
    {
        "method": "", 
        "param": {}, 
        "url": "https://app1.com/pictures/recent.php"
    }, 
    {
        "method": "", 
        "param": {}, 
        "url": "https://app1.com/guestbook.php"
    }, 
    {
        "method": "", 
        "param": {}, 
        "url": "https://app1.com/users/login.php"
    }, 
    {
        "method": "", 
        "param": {}, 
        "url": "https://app1.com/users/register.php"
    }, 
    {
        "method": "", 
        "param": {}, 
        "url": "https://app1.com/admin/index.php?page=login"
    }, 
    {
        "method": "", 
        "param": {}, 
        "url": "mailto:contact@wackopicko.com"
    }, 
    {
        "method": "", 
        "param": {}, 
        "url": "https://app1.com/tos.php"
    }, 
    {
        "method": "POST", 
        "param": {
            "name": ""
        }, 
        "url": "https://app1.com/guestbook.php"
    }, 
    {
        "method": "POST", 
        "param": {
            "password": "", 
            "username": ""
        }, 
        "url": "https://app1.com/users/login.php"
    }, 
    {
        "method": "POST", 
        "param": {
            "againpass": "", 
            "firstname": "", 
            "lastname": "", 
            "password": "", 
            "username": ""
        }, 
        "url": "https://app1.com/users/register.php"
    }, 
    {
        "method": "", 
        "param": {}, 
        "url": "https://app1.com/passcheck.php"
    }, 
    {
        "method": "", 
        "param": {}, 
        "url": "https://app1.com/pictures/view.php?picid=15"
    }, 
    {
        "method": "", 
        "param": {}, 
        "url": "https://app1.com/pictures/view.php?picid=14"
    }, 
    {
        "method": "", 
        "param": {}, 
        "url": "https://app1.com/pictures/view.php?picid=13"
    }, 
    {
        "method": "", 
        "param": {}, 
        "url": "https://app1.com/pictures/view.php?picid=12"
    }, 
    {
        "method": "", 
        "param": {}, 
        "url": "https://app1.com/pictures/view.php?picid=11"
    }, 
    {
        "method": "", 
        "param": {}, 
        "url": "https://app1.com/pictures/view.php?picid=10"
    }, 
    {
        "method": "", 
        "param": {}, 
        "url": "https://app1.com/pictures/view.php?picid=9"
    }, 
    {
        "method": "", 
        "param": {}, 
        "url": "https://app1.com/pictures/view.php?picid=8"
    }, 
    {
        "method": "", 
        "param": {}, 
        "url": "https://app1.com/pictures/view.php?picid=7"
    }, 
    {
        "method": "POST", 
        "param": {
            "password": ""
        }, 
        "url": "https://app1.com/passcheck.php"
    }
]